organization,records lost,year,sector,method
21st century oncology,2200000,2015,healthcare,hacking and unauthorized access
23andme,6900000,2023,technology and telecommunications,compromised credentials
50 companies and government institutions,6400000,2022,government and military,security weaknesses
500px,14800000,2019,technology and telecommunications,hacking and unauthorized access
500px,14870304,2020,technology and telecommunications,hacking and unauthorized access
70 different law enforcement agencies,123461,2011,government and military,accidental exposure
8fit,20000000,2019,technology and telecommunications,hacking and unauthorized access
aadhaar,550000000,2018,government and military,security weaknesses
accendo insurance co.,175350,2011,healthcare,security weaknesses
accenture,unknown,2007,consumer and utility services,unknown
acer,3000000,2021,technology and telecommunications,hacking and unauthorized access
adobe,152000000,2013,technology and telecommunications,hacking and unauthorized access
adobe,38000000,2013,technology and telecommunications,hacking and unauthorized access
adobe,7500000,2019,technology and telecommunications,security weaknesses
adt inc.,30800,2024,technology and telecommunications,unknown
adult friend finder,3900000,2015,technology and telecommunications,hacking and unauthorized access
advocate medical group,4000000,2013,healthcare,physical theft or loss
aerserv,75000,2018,media and entertainment,hacking and unauthorized access
"affinity health plan, inc.",344579,2013,healthcare,physical theft or loss
aimware,305470,2019,media and entertainment,hacking and unauthorized access
air canada,20000,2018,consumer and utility services,hacking and unauthorized access
air india,4500000,2021,consumer and utility services,hacking and unauthorized access
airtel,320000000,2019,technology and telecommunications,security weaknesses
al.type,31000000,2017,technology and telecommunications,security weaknesses
amazon,13124962,2021,technology and telecommunications,security weaknesses
amazon,5000000,2018,retail and e-commerce,unknown
amazon,unknown,2019,retail and e-commerce,accidental exposure
ameriprise financial,260000,2005,finance and insurance,physical theft or loss
ameritrade inc.,200000,2005,finance and insurance,physical theft or loss
ancestry.com,300000,2021,technology and telecommunications,security weaknesses
animal jam,46000000,2020,media and entertainment,hacking and unauthorized access
animoto,25000000,2019,technology and telecommunications,hacking and unauthorized access
"ankle & foot center of tampa bay, inc.",156000,2011,healthcare,hacking and unauthorized access
anthem,80000000,2015,healthcare,hacking and unauthorized access
aol,20000000,2006,technology and telecommunications,accidental exposure
aol,2400000,2014,technology and telecommunications,hacking and unauthorized access
aol,92000000,2004,technology and telecommunications,insider threats
apollo,200000000,2018,technology and telecommunications,security weaknesses
apple,12367232,2012,technology and telecommunications,unknown
apple,275000,2013,technology and telecommunications,hacking and unauthorized access
apple,91000,2021,healthcare,security weaknesses
apple,unknown,2014,technology and telecommunications,unknown
armor games,11000000,2019,media and entertainment,hacking and unauthorized access
artsy,1000000,2019,technology and telecommunications,hacking and unauthorized access
ashley madison,37000000,2015,technology and telecommunications,hacking and unauthorized access
ashley madison,32000000,2015,technology and telecommunications,hacking and unauthorized access
at&t,113000,2008,technology and telecommunications,physical theft or loss
at&t,114000,2010,technology and telecommunications,hacking and unauthorized access
at&t,72000000,2021,technology and telecommunications,unknown
atraf,unknown,2021,technology and telecommunications,hacking and unauthorized access
auction.co.kr,18000000,2008,technology and telecommunications,hacking and unauthorized access
australian immigration department,30,2015,government and military,unknown
australian immigration department,unknown,2015,government and military,accidental exposure
australian national university,200000,2019,academic institutions,hacking and unauthorized access
australian national university,unknown,2019,academic institutions,hacking and unauthorized access
australian red cross blood service,550000,2016,charity and non-profit,accidental exposure
automatic data processing,125000,2006,finance and insurance,security weaknesses
"avmed, inc.",1220000,2009,healthcare,physical theft or loss
avvo,4101101,2019,consumer and utility services,hacking and unauthorized access
bailey's inc.,250000,2015,retail and e-commerce,hacking and unauthorized access
bank of america,1200000,2005,finance and insurance,physical theft or loss
banner health,3700000,2016,healthcare,hacking and unauthorized access
barnes & noble,63,2012,retail and e-commerce,hacking and unauthorized access
bbc,25290,2024,media and entertainment,hacking and unauthorized access
bell canada,100000,2018,technology and telecommunications,hacking and unauthorized access
bell canada,1900000,2017,technology and telecommunications,hacking and unauthorized access
bell canada,2200000,2024,technology and telecommunications,unknown
benesse,35040000,2014,media and entertainment,hacking and unauthorized access
betfair,2300000,2010,media and entertainment,hacking and unauthorized access
bethesda game studios,200000,2011,media and entertainment,hacking and unauthorized access
bethesda game studios,unknown,2018,media and entertainment,accidental exposure
betsson group,unknown,2020,media and entertainment,unknown
blank media games,7600000,2019,media and entertainment,hacking and unauthorized access
blank media games,7633234,2018,media and entertainment,hacking and unauthorized access
blizzard,14000000,2012,media and entertainment,hacking and unauthorized access
blue cross blue shield of tennessee,1023039,2009,healthcare,physical theft or loss
blue cross blue shield of tennessee,1023209,2010,healthcare,physical theft or loss
blur,2400000,2019,technology and telecommunications,unknown
bmo and simplii,90000,2018,finance and insurance,security weaknesses
bny mellon shareowner services,4500000,2008,finance and insurance,physical theft or loss
boeing,382000,2006,consumer and utility services,physical theft or loss
bookmate,8000000,2019,technology and telecommunications,hacking and unauthorized access
boots advantage card,150000,2020,retail and e-commerce,hacking and unauthorized access
brazzers,790724,2016,technology and telecommunications,hacking and unauthorized access
brewdog,200000,2021,retail and e-commerce,security weaknesses
briansclub,26000000,2019,technology and telecommunications,hacking and unauthorized access
british airways,10000,2015,consumer and utility services,hacking and unauthorized access
british airways,380000,2018,consumer and utility services,hacking and unauthorized access
british airways,500000,2018,consumer and utility services,hacking and unauthorized access
british airways,unknown,2015,consumer and utility services,hacking and unauthorized access
british library,unknown,2023,government and military,cyber attacks including phs&rw
british national party,unknown,2008,government and military,unknown
buchbinder car rentals,5000000,2020,consumer and utility services,security weaknesses
bulgarian national revenue agency,5000000,2019,government and military,hacking and unauthorized access
california department of child support services,800000,2012,government and military,physical theft or loss
call of duty / activision,500000,2020,media and entertainment,hacking and unauthorized access
callaway golf company,1114954,2023,media and entertainment,hacking and unauthorized access
canva,139000000,2019,technology and telecommunications,hacking and unauthorized access
canva,140000000,2019,technology and telecommunications,hacking and unauthorized access
capcom,350000,2020,media and entertainment,hacking and unauthorized access
capital one,106000000,2019,finance and insurance,data misconfiguration
capital one,100000000,2019,finance and insurance,hacking and unauthorized access
cardsystems solutions inc.,40000000,2005,finance and insurance,hacking and unauthorized access
"cardsystems solutions inc.
(mastercard, visa, discover financial services and american express)",40000000,2005,finance and insurance,hacking and unauthorized access
careem,14000000,2018,technology and telecommunications,hacking and unauthorized access
carefirst,1100000,2015,healthcare,hacking and unauthorized access
carphone warehouse,2400000,2015,technology and telecommunications,hacking and unauthorized access
cathay pacific airways,9400000,2018,consumer and utility services,hacking and unauthorized access
cathay pacific airways,94000000,2018,consumer and utility services,hacking and unauthorized access
cdek,18218203,2022,retail and e-commerce,hacking and unauthorized access
cellebrite,3000000,2017,technology and telecommunications,hacking and unauthorized access
cense ai,2500000,2020,technology and telecommunications,security weaknesses
central coast credit union,60000,2016,finance and insurance,hacking and unauthorized access
central hudson gas & electric,110000,2013,consumer and utility services,hacking and unauthorized access
central intelligence agency,91,2017,technology and telecommunications,insider threats
cex,2000000,2017,retail and e-commerce,unknown
cgi group,283000,2007,technology and telecommunications,unknown
checkfree corporation,5000000,2009,finance and insurance,hacking and unauthorized access
checkpeople,56000000,2020,technology and telecommunications,unknown
chess.com,800000,2023,media and entertainment,hacking and unauthorized access
chile ministry of education,6000000,2008,government and military,hacking and unauthorized access
china software developer network,6000000,2011,technology and telecommunications,hacking and unauthorized access
chinese gaming sites,10000000,2011,technology and telecommunications,hacking and unauthorized access
chinese resume leak,202000000,2018,technology and telecommunications,security weaknesses
choicepoint,163000,2005,healthcare,unknown
chtrbox,49000000,2019,technology and telecommunications,security weaknesses
citigroup,150000,2013,finance and insurance,security weaknesses
citigroup,210000,2011,finance and insurance,hacking and unauthorized access
citigroup,360083,2011,finance and insurance,hacking and unauthorized access
citigroup,3900000,2005,finance and insurance,physical theft or loss
city and hackney teaching primary care trust,160000,2007,healthcare,physical theft or loss
"city of amagasaki, japan",500000,2022,government and military,unknown
classified iraq war documents,392000,2010,government and military,insider threats
clearview ai,unknown,2020,technology and telecommunications,hacking and unauthorized access
click2gov,300000,2018,finance and insurance,hacking and unauthorized access
clinton campaign,5000000,2016,government and military,hacking and unauthorized access
clixsense,6600000,2016,technology and telecommunications,hacking and unauthorized access
coffeemeetsbagel,6000000,2019,technology and telecommunications,hacking and unauthorized access
coinmama,450000,2019,finance and insurance,hacking and unauthorized access
collection no. 1,773000000,2019,technology and telecommunications,data leakage and misuse
colorado government,105470,2010,healthcare,physical theft or loss
commission on elections,55000000,2016,government and military,hacking and unauthorized access
commission on elections,unknown,2016,government and military,hacking and unauthorized access
community health systems,4500000,2014,healthcare,hacking and unauthorized access
compass bank,1000000,2007,finance and insurance,insider threats
consumer financial protection bureau,256000,2023,finance and insurance,security weaknesses
contact tracing data,38000000,2021,technology and telecommunications,hacking and unauthorized access
countrywide financial corp,2500000,2008,finance and insurance,insider threats
court ventures,200000000,2013,finance and insurance,insider threats
cox communications,40000,2016,technology and telecommunications,hacking and unauthorized access
"crescent health inc., walgreens",100000,2013,healthcare,physical theft or loss
cutout.pro,19972829,2024,technology and telecommunications,hacking and unauthorized access
cvs,unknown,2015,healthcare,hacking and unauthorized access
cyberserve,1107034,2021,technology and telecommunications,hacking and unauthorized access
"d&b, altegrity",1000000,2013,technology and telecommunications,hacking and unauthorized access
d. a. davidson & co.,192000,2007,finance and insurance,hacking and unauthorized access
dafont,700000,2017,technology and telecommunications,hacking and unauthorized access
dai nippon printing,8637405,2007,retail and e-commerce,insider threats
dailymotion,85200000,2016,technology and telecommunications,hacking and unauthorized access
"data processors international (mastercard, visa, discover financial services and american express)",8000000,2008,finance and insurance,hacking and unauthorized access
datacamp,700000,2019,technology and telecommunications,hacking and unauthorized access
db8151dd,22000000,2020,technology and telecommunications,hacking and unauthorized access
dc health link,56000,2023,healthcare,data misconfiguration
dedalus biologie (a division of dedalus global[92]),500000,2021,healthcare,security weaknesses
deep root analytics,198000000,2015,technology and telecommunications,security weaknesses
defense integrated data center (south korea),unknown,2017,government and military,hacking and unauthorized access
dell,100000,2018,technology and telecommunications,hacking and unauthorized access
dell,49000000,2024,technology and telecommunications,cyber attacks including phs&rw
deloitte,350,2017,consumer and utility services,security weaknesses
democratic national committee,19252,2016,government and military,hacking and unauthorized access
department of homeland security,30000,2016,government and military,security weaknesses
desjardins,4200000,2019,finance and insurance,insider threats
desjardins,9700000,2019,finance and insurance,insider threats
digital ocean,10000000,2021,technology and telecommunications,security weaknesses
directorate general of immigration of indonesia,34900867,2023,government and military,hacking and unauthorized access
directorate general of population and civil registration (dukcapil),337225463,2023,government and military,data leakage and misuse
diskunion,701000,2022,retail and e-commerce,hacking and unauthorized access
disney,unknown,2024,media and entertainment,hacking and unauthorized access
disqus,17500000,2017,technology and telecommunications,hacking and unauthorized access
dixons carphone,10000000,2018,technology and telecommunications,hacking and unauthorized access
domino's pizza (france),600000,2014,retail and e-commerce,hacking and unauthorized access
donorview[91][92],948029,2023,charity and non-profit,security weaknesses
doordash,4900000,2019,technology and telecommunications,hacking and unauthorized access
driving standards agency,3000000,2007,government and military,physical theft or loss
drizly,2400000,2020,technology and telecommunications,hacking and unauthorized access
dropbox,68648009,2012,technology and telecommunications,hacking and unauthorized access
dropbox,68700000,2012,technology and telecommunications,hacking and unauthorized access
drupal,1000000,2013,technology and telecommunications,hacking and unauthorized access
dsw inc.,1400000,2005,retail and e-commerce,hacking and unauthorized access
dubai real estate leak,800000,2022,finance and insurance,insider threats
dubsmash,162000000,2018,technology and telecommunications,hacking and unauthorized access
dun & bradstreet,1000000,2013,technology and telecommunications,hacking and unauthorized access
duolingo,2676696,2023,technology and telecommunications,hacking and unauthorized access
dutch government,6900000,2020,government and military,physical theft or loss
"earl enterprises(buca di beppo, earl of sandwich, planet hollywood,chicken guy, mixology, tequila taqueria)",2000000,2018,retail and e-commerce,hacking and unauthorized access
easyjet,9000000,2019,consumer and utility services,hacking and unauthorized access
ebay,145000000,2014,retail and e-commerce,hacking and unauthorized access
educational credit management corp,3300000,2010,finance and insurance,physical theft or loss
eisenhower medical center,514330,2011,healthcare,physical theft or loss
elasticsearch,108000000,2019,technology and telecommunications,security weaknesses
embassy cables,251000,2010,government and military,insider threats
"emergency healthcare physicians, ltd.",180111,2010,healthcare,physical theft or loss
emory healthcare,315000,2012,healthcare,security weaknesses
england and wales cricket board,43299,2024,government and military,unknown
epic games fortnite,unknown,2018,media and entertainment,security weaknesses
epik,15000000,2021,retail and e-commerce,hacking and unauthorized access
epsilon,3000000,2011,technology and telecommunications,hacking and unauthorized access
equifax,143000000,2017,finance and insurance,security weaknesses
ernst & young,234000,2006,consumer and utility services,unknown
essilorluxottica,77093812,2021,retail and e-commerce,hacking and unauthorized access
estonian gov,280000,2021,government and military,hacking and unauthorized access
european central bank,4000000,2014,finance and insurance,hacking and unauthorized access
european central bank,unknown,2014,finance and insurance,hacking and unauthorized access
evernote,50000000,2013,technology and telecommunications,hacking and unauthorized access
evide data breach,1000,2023,charity and non-profit,cyber attacks including phs&rw
exactis,340000000,2018,finance and insurance,security weaknesses
excellus bluecross blueshield,10000000,2015,healthcare,hacking and unauthorized access
experian,15000000,2015,technology and telecommunications,hacking and unauthorized access
experian,220000000,2021,finance and insurance,hacking and unauthorized access
experian,23000000,2020,finance and insurance,unknown
experian,24000000,2020,technology and telecommunications,unknown
eyeem,22000000,2019,technology and telecommunications,hacking and unauthorized access
eyewire,unknown,2016,technology and telecommunications,physical theft or loss
facebook,87000000,2010,technology and telecommunications,data leakage and misuse
facebook,6000000,2013,technology and telecommunications,accidental exposure
facebook,540000000,2019,technology and telecommunications,security weaknesses
facebook,533000000,2021,technology and telecommunications,hacking and unauthorized access
facebook,419000000,2019,technology and telecommunications,security weaknesses
facebook,50000000,2018,technology and telecommunications,security weaknesses
facebook,29000000,2018,technology and telecommunications,hacking and unauthorized access
facebook,267000000,2019,technology and telecommunications,security weaknesses
facebook,1500000,2019,technology and telecommunications,accidental exposure
facebook marketplace,200000,2023,technology and telecommunications,unknown
fast retailing,461091,2019,retail and e-commerce,hacking and unauthorized access
fbi,unknown,2016,government and military,hacking and unauthorized access
federal reserve bank of cleveland,400000,2010,finance and insurance,hacking and unauthorized access
fidelity national financial,1300000,2023,finance and insurance,hacking and unauthorized access
fidelity national information services,8500000,2007,finance and insurance,insider threats
firebase,100000000,2018,technology and telecommunications,security weaknesses
fireeye,unknown,2020,technology and telecommunications,hacking and unauthorized access
first american corporation,885000000,2019,finance and insurance,security weaknesses
flexbooker,3700000,2022,technology and telecommunications,hacking and unauthorized access
fling,40000000,2016,technology and telecommunications,hacking and unauthorized access
florida department of juvenile justice,100000,2013,government and military,physical theft or loss
formspring,420000,2012,technology and telecommunications,accidental exposure
fotolog,16000000,2019,technology and telecommunications,hacking and unauthorized access
friend finder network,412000000,2016,technology and telecommunications,hacking and unauthorized access
friend finder network,412214295,2016,technology and telecommunications,hacking and unauthorized access
funimation,2500000,2016,technology and telecommunications,hacking and unauthorized access
gab,4000000,2021,technology and telecommunications,hacking and unauthorized access
game freak,2606,2024,media and entertainment,hacking and unauthorized access
gamigo,8000000,2012,technology and telecommunications,hacking and unauthorized access
gamigo[91][355],8000000,2012,technology and telecommunications,hacking and unauthorized access
gap inc,800000,2007,retail and e-commerce,physical theft or loss
gawker,1500000,2010,technology and telecommunications,hacking and unauthorized access
ge money,650000,2008,finance and insurance,physical theft or loss
ge.tt,1800000,2019,technology and telecommunications,hacking and unauthorized access
gedmatch,1400000,2020,technology and telecommunications,hacking and unauthorized access
global payments,7000000,2012,finance and insurance,hacking and unauthorized access
global payments,1500000,2012,finance and insurance,hacking and unauthorized access
gmail,5000000,2014,technology and telecommunications,hacking and unauthorized access
godaddy,1200000,2021,technology and telecommunications,hacking and unauthorized access
golfzon,2210000,2023,media and entertainment,cyber attacks including phs&rw
google plus,500000,2018,technology and telecommunications,security weaknesses
google plus,52500000,2018,technology and telecommunications,security weaknesses
goregrish.com,300000,2021,technology and telecommunications,hacking and unauthorized access
govpaynow.com,14000000,2018,finance and insurance,security weaknesses
greek government,9000000,2012,government and military,hacking and unauthorized access
grindr,3000000,2018,technology and telecommunications,security weaknesses
grozio chirurgija,25000,2017,healthcare,hacking and unauthorized access
gs caltex,11100000,2008,consumer and utility services,accidental exposure
guntrader,111000,2021,retail and e-commerce,hacking and unauthorized access
gyft,unknown,2016,technology and telecommunications,hacking and unauthorized access
hacking team,500000,2015,technology and telecommunications,hacking and unauthorized access
hannaford brothers supermarket chain,4200000,2008,retail and e-commerce,hacking and unauthorized access
hautelook,28000000,2019,retail and e-commerce,hacking and unauthorized access
hautelook,28517244,2018,retail and e-commerce,hacking and unauthorized access
hca healthcare,11270000,2023,healthcare,hacking and unauthorized access
health net,1500000,2009,healthcare,physical theft or loss
health net,1900000,2011,healthcare,physical theft or loss
health net - ibm,1900000,2011,healthcare,physical theft or loss
health sciences authority,808000,2019,healthcare,security weaknesses
health service executive,unknown,2021,healthcare,unknown
heartland,130000000,2009,finance and insurance,hacking and unauthorized access
heathrow airport,unknown,2017,consumer and utility services,physical theft or loss
helse sør-øst rhf,3000000,2018,healthcare,hacking and unauthorized access
heroku,50000,2022,technology and telecommunications,hacking and unauthorized access
hewlett packard,200000,2006,technology and telecommunications,physical theft or loss
high tail hall,411000,2018,technology and telecommunications,hacking and unauthorized access
hilton hotels,363000,2014,retail and e-commerce,hacking and unauthorized access
ho mobile,2500000,2020,technology and telecommunications,hacking and unauthorized access
home depot,56000000,2014,retail and e-commerce,hacking and unauthorized access
honda canada,283000,2011,retail and e-commerce,unknown
hong kong registration & electoral office,3700000,2017,government and military,physical theft or loss
houzz,57000000,2019,retail and e-commerce,hacking and unauthorized access
hsbc turkey,2700000,2014,finance and insurance,hacking and unauthorized access
hyatt hotels,250,2015,retail and e-commerce,hacking and unauthorized access
iberdrola,1300000,2022,consumer and utility services,security weaknesses
ikea,95000,2022,retail and e-commerce,accidental exposure
imgur,1700000,2017,technology and telecommunications,hacking and unauthorized access
indian citizens,275265298,2019,technology and telecommunications,security weaknesses
indian council of medical research,815000000,2023,government and military,hacking and unauthorized access
indiana university,146000,2014,academic institutions,security weaknesses
infosys mccamish systems,57028,2023,technology and telecommunications,hacking and unauthorized access
insomniac games,unknown,2023,media and entertainment,hacking and unauthorized access
instagram,6000000,2017,technology and telecommunications,hacking and unauthorized access
instagram,200000000,2020,technology and telecommunications,security weaknesses
internal revenue service,720000,2015,finance and insurance,hacking and unauthorized access
international committee of the red cross,515000,2022,charity and non-profit,unknown
interpark,10000000,2016,technology and telecommunications,hacking and unauthorized access
inuvik hospital,6700,2016,healthcare,insider threats
invest bank,40000,2015,finance and insurance,hacking and unauthorized access
"iranian banks (three: saderat, eghtesad novin, and saman)",3000000,2012,finance and insurance,hacking and unauthorized access
irs,100000,2015,government and military,hacking and unauthorized access
israeli government,6500000,2020,government and military,security weaknesses
ititan hosting solutions,unknown,2024,technology and telecommunications,hacking and unauthorized access
ixigo,18000000,2019,consumer and utility services,security weaknesses
japan airlines,750000,2014,consumer and utility services,hacking and unauthorized access
japan pension service,1250000,2015,government and military,hacking and unauthorized access
japanet takata,510000,2004,retail and e-commerce,insider threats
jp morgan chase,2600000,2007,finance and insurance,physical theft or loss
jp morgan chase,76000000,2014,finance and insurance,hacking and unauthorized access
justdial,100000000,2019,technology and telecommunications,data misconfiguration
kadokawa corporation,1,2024,technology and telecommunications,cyber attacks including phs&rw
kddi,4000000,2006,technology and telecommunications,hacking and unauthorized access
kirkwood community college,125000,2013,academic institutions,hacking and unauthorized access
kitchenpal (icuisto),100000,2023,technology and telecommunications,hacking and unauthorized access
km.ru,1500000,2016,technology and telecommunications,hacking and unauthorized access
km.ru & nival,1500000,2016,technology and telecommunications,hacking and unauthorized access
koodo mobile,unknown,2020,retail and e-commerce,hacking and unauthorized access
korea credit bureau,20000000,2014,finance and insurance,insider threats
kroll background america,1000000,2013,technology and telecommunications,hacking and unauthorized access
kromtech,13000000,2015,technology and telecommunications,hacking and unauthorized access
kt corp.,8700000,2012,technology and telecommunications,hacking and unauthorized access
kt corporation,8700000,2012,technology and telecommunications,hacking and unauthorized access
"landry's, inc.",500,2015,retail and e-commerce,hacking and unauthorized access
last.fm,43500000,2012,technology and telecommunications,hacking and unauthorized access
lastpass,unknown,2015,technology and telecommunications,hacking and unauthorized access
law enforcement agencies,1279437,2023,government and military,security weaknesses
ledger,270000,2020,finance and insurance,hacking and unauthorized access
les éditions protégez-vous,380000,2020,media and entertainment,unknown
lexisnexis,1000000,2014,technology and telecommunications,hacking and unauthorized access
lifelabs[91][92],15000000,2019,healthcare,hacking and unauthorized access
lincoln medical & mental health center,130495,2010,healthcare,physical theft or loss
line pay,133000,2021,finance and insurance,security weaknesses
line yahoo,520006,2023,technology and telecommunications,unknown
linkedin,117000000,2016,technology and telecommunications,hacking and unauthorized access
linkedin,700000000,2021,technology and telecommunications,hacking and unauthorized access
linkedin,8000000,2012,technology and telecommunications,accidental exposure
linux ubuntu forums,2000000,2016,technology and telecommunications,hacking and unauthorized access
living social,50000000,2013,technology and telecommunications,hacking and unauthorized access
localblox,48000000,2018,technology and telecommunications,security weaknesses
lyca mobile,16000000,2023,technology and telecommunications,hacking and unauthorized access
lynda.com,9500000,2016,technology and telecommunications,hacking and unauthorized access
macdonalds,10000000,2021,retail and e-commerce,hacking and unauthorized access
macrumors,860000,2014,technology and telecommunications,hacking and unauthorized access
macrumours.com,860000,2013,technology and telecommunications,hacking and unauthorized access
mail. ru,25000000,2016,technology and telecommunications,hacking and unauthorized access
mailchimp,106586,2022,technology and telecommunications,hacking and unauthorized access
malaysian medical practitioners,81309,2017,healthcare,hacking and unauthorized access
malaysian telcos & mvnos,46200000,2017,technology and telecommunications,hacking and unauthorized access
mandarin oriental hotels,10,2014,retail and e-commerce,hacking and unauthorized access
manipulated caiman,40000000,2023,finance and insurance,hacking and unauthorized access
marriott,500000000,2018,retail and e-commerce,hacking and unauthorized access
marriott,5200000,2020,retail and e-commerce,insider threats
marriott,383000000,2018,retail and e-commerce,hacking and unauthorized access
massachusetts government,210000,2011,government and military,hacking and unauthorized access
massive american business hack,160000000,2012,finance and insurance,hacking and unauthorized access
mbm company,1300000,2018,retail and e-commerce,security weaknesses
mediaworks new zealand,162710,2023,media and entertainment,hacking and unauthorized access
medibank & ahm,9700000,2022,healthcare,hacking and unauthorized access
medicaid,75000,2018,healthcare,hacking and unauthorized access
medicaid,780000,2012,healthcare,hacking and unauthorized access
medicaid,93689,2018,healthcare,hacking and unauthorized access
medical informatics engineering,3900000,2015,healthcare,hacking and unauthorized access
meet mindful,2240000,2021,technology and telecommunications,hacking and unauthorized access
memorial healthcare system,102153,2011,healthcare,physical theft or loss
mgm hotels,10600000,2020,retail and e-commerce,hacking and unauthorized access
mgm resorts,10600000,2019,retail and e-commerce,hacking and unauthorized access
michaels,3000000,2014,retail and e-commerce,hacking and unauthorized access
microsoft,250000000,2019,technology and telecommunications,data misconfiguration
microsoft,unknown,2021,technology and telecommunications,cyber attacks including phs&rw
militarysingles.com,163792,2012,technology and telecommunications,hacking and unauthorized access
minecraft,7000000,2016,media and entertainment,hacking and unauthorized access
ministry of education,6000000,2008,government and military,hacking and unauthorized access
ministry of health,14200,2019,healthcare,insider threats
mitsubishi tokyo ufj bank,960000,2006,finance and insurance,physical theft or loss
mobile telesystems (mts),100000000,2019,technology and telecommunications,data misconfiguration
mongodb,202000000,2019,technology and telecommunications,security weaknesses
mongodb,275000000,2019,technology and telecommunications,security weaknesses
monster.com,1600000,2007,technology and telecommunications,hacking and unauthorized access
morgan stanley smith barney,34000,2011,finance and insurance,physical theft or loss
morinaga confectionery,1648922,2022,retail and e-commerce,cyber attacks including phs&rw
mossack fonseca,11500000,2016,finance and insurance,hacking and unauthorized access
mossack fonseca,unknown,2016,finance and insurance,unknown
mount olympus,1100,2016,finance and insurance,insider threats
mozilla,76000,2014,technology and telecommunications,security weaknesses
mspy,400000,2015,technology and telecommunications,hacking and unauthorized access
mutuelle generale de la police,112000,2016,healthcare,insider threats
myfitnesspal,150000000,2018,technology and telecommunications,hacking and unauthorized access
myfitnesspal[613][614],150000000,2018,technology and telecommunications,hacking and unauthorized access
myheritage,92283889,2018,technology and telecommunications,unknown
myspace,164000000,2016,technology and telecommunications,hacking and unauthorized access
myspace,360000000,2016,technology and telecommunications,security weaknesses
nametests,120000000,2018,technology and telecommunications,security weaknesses
nasdaq,500000,2013,finance and insurance,hacking and unauthorized access
nasdaq,unknown,2014,finance and insurance,hacking and unauthorized access
national archives and records administration (u.s. military veterans records),76000000,2009,government and military,physical theft or loss
national guard of the united states,131000,2009,government and military,physical theft or loss
national health information center (nczi) of slovakia,391250,2020,healthcare,security weaknesses
national police corps of the netherlands,63000,2024,unknown,hacking and unauthorized access
national public data,2900000000,2024,finance and insurance,hacking and unauthorized access
national security agency,1500000,2013,government and military,insider threats
natural grocers,93,2015,retail and e-commerce,hacking and unauthorized access
"nec networks, llc[91][92]",1600000,2021,healthcare,hacking and unauthorized access
neiman marcus,1100000,2014,retail and e-commerce,hacking and unauthorized access
neiman marcus,4600000,2021,retail and e-commerce,hacking and unauthorized access
nemours foundation,1055489,2011,healthcare,physical theft or loss
nemours foundation,1600000,2011,healthcare,physical theft or loss
network solutions,573000,2009,technology and telecommunications,hacking and unauthorized access
new york city health & hospitals corp.,1700000,2010,healthcare,physical theft or loss
new york state electric & gas,1800000,2012,consumer and utility services,insider threats
new york taxis,52000,2014,consumer and utility services,security weaknesses
newegg,45000000,2018,retail and e-commerce,hacking and unauthorized access
newegg,unknown,2018,retail and e-commerce,hacking and unauthorized access
nexon korea corp,13200000,2011,media and entertainment,hacking and unauthorized access
nhs,8600000,2011,healthcare,physical theft or loss
nhs,8630000,2011,healthcare,physical theft or loss
nhs dumfries and galloway,unknown,2024,healthcare,cyber attacks including phs&rw
nintendo,160000,2020,media and entertainment,hacking and unauthorized access
nintendo,240000,2013,media and entertainment,hacking and unauthorized access
nintendo,300000,2020,media and entertainment,hacking and unauthorized access
nintendo,4000000,2013,media and entertainment,hacking and unauthorized access
nippon television,430000,2016,media and entertainment,hacking and unauthorized access
nmbs,700000,2018,consumer and utility services,unknown
norwegian tax administration,3950000,2008,government and military,accidental exposure
norwegian tax authorities,3950000,2008,government and military,unknown
now:pensions,30000,2020,finance and insurance,insider threats
ntt business solutions,9000000,2023,technology and telecommunications,hacking and unauthorized access
ntt docomo,5960000,2023,technology and telecommunications,hacking and unauthorized access
nvidia,100000,2021,technology and telecommunications,hacking and unauthorized access
ofcom,unknown,2016,technology and telecommunications,insider threats
office of personnel management,21500000,2015,government and military,hacking and unauthorized access
"office of the registrar general, birth & death registration",50000000,2023,government and military,data leakage and misuse
office of the texas attorney general,6500000,2012,government and military,accidental exposure
ogusers,529000,2022,technology and telecommunications,hacking and unauthorized access
ohio state university,760000,2010,academic institutions,hacking and unauthorized access
okta,100000,2021,technology and telecommunications,hacking and unauthorized access
omiai dating app,1710000,2021,technology and telecommunications,hacking and unauthorized access
open subtitles,100000,2022,technology and telecommunications,hacking and unauthorized access
optus,9800000,2022,technology and telecommunications,hacking and unauthorized access
orbitz,880000,2018,technology and telecommunications,hacking and unauthorized access
oregon department of motor vehicles,1000000,2011,government and military,hacking and unauthorized access
oregon department of transportation,1000000,2011,government and military,hacking and unauthorized access
ovh,200000,2013,technology and telecommunications,hacking and unauthorized access
ovh,unknown,2013,technology and telecommunications,hacking and unauthorized access
oxydata,380000000,2019,technology and telecommunications,security weaknesses
pakistani mobile operators,115000000,2020,technology and telecommunications,hacking and unauthorized access
pandora papers,11900000,2021,government and military,hacking and unauthorized access
pandora papers,unknown,2021,finance and insurance,unknown
panerabread,37000000,2018,retail and e-commerce,security weaknesses
paradise papers,unknown,2017,government and military,unknown
park mobile,21000000,2021,technology and telecommunications,hacking and unauthorized access
patreon,2300000,2015,technology and telecommunications,hacking and unauthorized access
payasugym,300000,2016,technology and telecommunications,hacking and unauthorized access
payhere,1580249,2022,finance and insurance,hacking and unauthorized access
paypay,20076016,2020,retail and e-commerce,hacking and unauthorized access
peloton,3000000,2021,technology and telecommunications,security weaknesses
persol carrier,549195,2024,unknown,unknown
petflow,1000000,2019,retail and e-commerce,security weaknesses
philippines’ commission on elections,55000000,2016,government and military,hacking and unauthorized access
plex,15000000,2022,technology and telecommunications,hacking and unauthorized access
popsugar,123857,2018,media and entertainment,hacking and unauthorized access
premera,11000000,2015,healthcare,hacking and unauthorized access
privatization agency of the republic of serbia,5190396,2014,government and military,unknown
puerto rico department of health,515000,2010,healthcare,hacking and unauthorized access
quest diagnostics,11900000,2019,healthcare,security weaknesses
quest diagnostics,20000000,2019,healthcare,security weaknesses
quest diagnostics,34000,2016,healthcare,hacking and unauthorized access
quora,100000000,2018,technology and telecommunications,hacking and unauthorized access
rakuten,1381735,2020,retail and e-commerce,hacking and unauthorized access
rambler.ru,98167935,2012,technology and telecommunications,hacking and unauthorized access
razer,100000,2020,technology and telecommunications,data misconfiguration
rbs worldpay,1500000,2008,finance and insurance,hacking and unauthorized access
red cross,500000,2022,charity and non-profit,hacking and unauthorized access
red cross,550000,2016,healthcare,unknown
reddit,200,2018,technology and telecommunications,unknown
reddit,unknown,2021,technology and telecommunications,hacking and unauthorized access
renaper (argentina)[91][92],45000000,2018,government and military,security weaknesses
restaurant depot,200000,2011,retail and e-commerce,hacking and unauthorized access
river city media,340000000,2017,technology and telecommunications,unknown
robinhood,5000937,2021,finance and insurance,hacking and unauthorized access
roblox,3943,2023,media and entertainment,unknown
roblox,52458,2016,media and entertainment,unknown
rockyou!,32000000,2009,technology and telecommunications,hacking and unauthorized access
roku,15363,2024,technology and telecommunications,compromised credentials
roll20,4000000,2018,technology and telecommunications,hacking and unauthorized access
roll20,unknown,2024,technology and telecommunications,compromised credentials
rootsweb,300000,2017,technology and telecommunications,security weaknesses
roscosmos,unknown,2022,government and military,hacking and unauthorized access
rosen hotels[91][92],unknown,2016,retail and e-commerce,hacking and unauthorized access
royal enfield,420873,2020,retail and e-commerce,security weaknesses
saks,unknown,2018,retail and e-commerce,hacking and unauthorized access
saks,5000000,2018,retail and e-commerce,hacking and unauthorized access
san francisco public utilities commission,180000,2011,government and military,hacking and unauthorized access
sanrio,3300000,2015,technology and telecommunications,security weaknesses
scottrade,4600000,2015,finance and insurance,hacking and unauthorized access
scribd,500000,2013,technology and telecommunications,hacking and unauthorized access
"seacoast radiology, pa",231400,2010,healthcare,hacking and unauthorized access
securus technologies,70000000,2015,technology and telecommunications,hacking and unauthorized access
sega,1290755,2011,media and entertainment,hacking and unauthorized access
service nsw,104000,2020,government and military,hacking and unauthorized access
service personnel and veterans agency (uk),50500,2008,government and military,physical theft or loss
servicio electoral de chile (servel),14308151,2019,government and military,data misconfiguration
shadow pc,533624,2023,technology and telecommunications,unknown
shanghai,1000000000,2022,government and military,data misconfiguration
shanghai,500000000,2022,finance and insurance,hacking and unauthorized access
sharethis,41000000,2019,technology and telecommunications,hacking and unauthorized access
shopback,unknown,2020,retail and e-commerce,hacking and unauthorized access
singhealth,1500000,2018,healthcare,hacking and unauthorized access
sky brasil,32000000,2018,technology and telecommunications,security weaknesses
slack,500000,2015,technology and telecommunications,hacking and unauthorized access
slickwraps,377428,2020,retail and e-commerce,security weaknesses
snapchat,4600000,2013,technology and telecommunications,hacking and unauthorized access
snapchat,4700000,2013,technology and telecommunications,hacking and unauthorized access
snapchat,1700000,2017,technology and telecommunications,hacking and unauthorized access
snowflake,5,2024,technology and telecommunications,compromised credentials
solarwinds,50000000,2020,technology and telecommunications,hacking and unauthorized access
solarwinds,unknown,2020,technology and telecommunications,hacking and unauthorized access
sony,1000000,2011,technology and telecommunications,hacking and unauthorized access
sony,10000000,2014,technology and telecommunications,hacking and unauthorized access
sony,24600000,2011,media and entertainment,hacking and unauthorized access
sony,77000000,2011,media and entertainment,hacking and unauthorized access
sony,unknown,2014,media and entertainment,hacking and unauthorized access
south africa police,16000,2013,government and military,hacking and unauthorized access
south carolina department of revenue,6400000,2012,healthcare,insider threats
south carolina government,228000,2012,healthcare,insider threats
south carolina state dept. of revenue,3600000,2012,government and military,hacking and unauthorized access
"south shore hospital, massachusetts",800000,2010,healthcare,physical theft or loss
southern california medical-legal consultants,300000,2011,healthcare,hacking and unauthorized access
spambot,520000000,2017,technology and telecommunications,security weaknesses
spartanburg regional healthcare system,400000,2011,healthcare,physical theft or loss
spotify,500000,2020,technology and telecommunications,unknown
spoutible,207114,2024,technology and telecommunications,data misconfiguration
ssndob.ms,4000000,2013,technology and telecommunications,hacking and unauthorized access
stanford university,72000,2008,academic institutions,physical theft or loss
staples,1160000,2014,retail and e-commerce,hacking and unauthorized access
staples,unknown,2014,retail and e-commerce,hacking and unauthorized access
star alliance,16000000,2021,consumer and utility services,hacking and unauthorized access
starbucks,97000,2008,retail and e-commerce,physical theft or loss
starwoodincluding westin hotels & resorts and sheraton hotels and resorts,54,2015,retail and e-commerce,hacking and unauthorized access
state of texas,3500000,2011,government and military,unknown
steam,35000000,2011,technology and telecommunications,hacking and unauthorized access
stockx,6800000,2019,retail and e-commerce,hacking and unauthorized access
stratfor,935000,2011,government and military,hacking and unauthorized access
stratfor,unknown,2011,government and military,hacking and unauthorized access
stronghold kingdoms,5000000,2019,media and entertainment,hacking and unauthorized access
supervalu,200,2014,retail and e-commerce,hacking and unauthorized access
suprema,27800000,2019,technology and telecommunications,security weaknesses
sutter medical center,4243434,2011,healthcare,physical theft or loss
sutter medical foundation,4243434,2011,healthcare,physical theft or loss
svr tracking,540000,2017,technology and telecommunications,security weaknesses
swedish transport agency,3000000,2017,government and military,security weaknesses
syniverse,500000000,2021,technology and telecommunications,hacking and unauthorized access
syrian government,274477,2016,government and military,hacking and unauthorized access
t-mobile,45000000,2021,technology and telecommunications,hacking and unauthorized access
t-mobile,37000000,2023,technology and telecommunications,hacking and unauthorized access
t-mobile,76000000,2021,technology and telecommunications,hacking and unauthorized access
t-mobile,200000,2020,technology and telecommunications,hacking and unauthorized access
t-mobile,17000000,2006,technology and telecommunications,physical theft or loss
t-mobile,2000000,2018,technology and telecommunications,hacking and unauthorized access
talktalk,157000,2015,technology and telecommunications,hacking and unauthorized access
talktalk,unknown,2015,technology and telecommunications,hacking and unauthorized access
tangerine telecom,243462,2024,technology and telecommunications,compromised credentials
taobao,20000000,2016,retail and e-commerce,hacking and unauthorized access
target,110000000,2013,retail and e-commerce,hacking and unauthorized access
target,70000000,2013,retail and e-commerce,hacking and unauthorized access
taringa!,28722877,2017,technology and telecommunications,hacking and unauthorized access
taxslayer.com,8800,2016,technology and telecommunications,hacking and unauthorized access
td ameritrade,6300000,2007,finance and insurance,hacking and unauthorized access
td ameritrade,200000,2005,finance and insurance,physical theft or loss
td bank,260000,2012,finance and insurance,hacking and unauthorized access
telegram,15000000,2016,technology and telecommunications,hacking and unauthorized access
terracom & yourtel,170000,2013,technology and telecommunications,accidental exposure
tesco clubcard,600000,2020,retail and e-commerce,hacking and unauthorized access
tesla,75000,2023,retail and e-commerce,insider threats
tetrad,120000000,2020,retail and e-commerce,security weaknesses
texas lottery,89000,2007,government and military,insider threats
texas voter records,14800000,2018,technology and telecommunications,security weaknesses
thailand visitors,100000000,2021,government and military,security weaknesses
the bank of new york mellon,12500000,2008,finance and insurance,physical theft or loss
the hospital group,1000000,2020,healthcare,hacking and unauthorized access
three,130000,2016,technology and telecommunications,hacking and unauthorized access
three iranian banks,3000000,2012,finance and insurance,hacking and unauthorized access
tianya,28000000,2011,technology and telecommunications,hacking and unauthorized access
tianya,40000000,2013,technology and telecommunications,hacking and unauthorized access
tic hosting solutions (known as torchbyte),46,2023,technology and telecommunications,data misconfiguration
ticketfly,26151608,2018,retail and e-commerce,hacking and unauthorized access
ticketfly,27000000,2018,technology and telecommunications,hacking and unauthorized access
ticketmaster,40000,2018,retail and e-commerce,hacking and unauthorized access
ticketmaster,560000000,2024,retail and e-commerce,hacking and unauthorized access
tiktok,42000000,2020,technology and telecommunications,security weaknesses
tio networks,1600000,2017,finance and insurance,hacking and unauthorized access
tk / tj maxx,94000000,2007,retail and e-commerce,hacking and unauthorized access
tokopedia,91000000,2020,retail and e-commerce,hacking and unauthorized access
toyota,3100000,2019,retail and e-commerce,hacking and unauthorized access
transport for london,500,2024,consumer and utility services,hacking and unauthorized access
travelio,471376,2021,consumer and utility services,hacking and unauthorized access
trello,15111945,2024,technology and telecommunications,data misconfiguration
tricare,4901432,2011,healthcare,physical theft or loss
"triple-s salud, inc.",398000,2010,healthcare,physical theft or loss
truecaller,299055000,2019,technology and telecommunications,unknown
trump hotels,8,2014,retail and e-commerce,hacking and unauthorized access
tumblr,65000000,2016,technology and telecommunications,hacking and unauthorized access
tumblr,65469298,2013,technology and telecommunications,hacking and unauthorized access
turkish citizenship database,49611709,2016,government and military,hacking and unauthorized access
twilio,33000000,2024,technology and telecommunications,compromised credentials
twilio,125,2022,technology and telecommunications,cyber attacks including phs&rw
twitch,10000000,2015,healthcare,hacking and unauthorized access
twitch,unknown,2015,technology and telecommunications,hacking and unauthorized access
twitter,250000,2013,technology and telecommunications,hacking and unauthorized access
twitter,330000000,2018,technology and telecommunications,security weaknesses
twitter,5400000,2021,technology and telecommunications,hacking and unauthorized access
typeform,unknown,2018,technology and telecommunications,security weaknesses
u-haul,67000,2023,consumer and utility services,compromised credentials
u.s census bureau,200000000,2020,finance and insurance,accidental exposure
u.s. army,392000,2010,government and military,insider threats
u.s. army,50000,2011,government and military,accidental exposure
u.s. department of defense,72000,2009,government and military,physical theft or loss
u.s. department of veteran affairs,26500000,2006,government and military,physical theft or loss
u.s. state department,260000,2010,government and military,insider threats
uber,50000,2014,technology and telecommunications,security weaknesses
uber,57000000,2017,technology and telecommunications,hacking and unauthorized access
uber,unknown,2022,technology and telecommunications,hacking and unauthorized access
ubiquiti,16000000,2021,technology and telecommunications,hacking and unauthorized access
ubisoft,58000000,2013,media and entertainment,hacking and unauthorized access
ubisoft,unknown,2013,media and entertainment,hacking and unauthorized access
ubuntu,2000000,2013,technology and telecommunications,hacking and unauthorized access
ucla,4500000,2015,healthcare,hacking and unauthorized access
uk home office,84000,2008,government and military,physical theft or loss
uk ministry of defence,1700000,2008,government and military,physical theft or loss
uk revenue & customs,25000000,2007,government and military,physical theft or loss
united kingdom parliamentary expenses scandal,unknown,2009,government and military,unknown
united states postal service,60000000,2018,government and military,security weaknesses
universiti teknologi mara,1164540,2019,academic institutions,hacking and unauthorized access
university of california berkeley,160000,2009,academic institutions,hacking and unauthorized access
"university of california, berkeley",160000,2009,academic institutions,hacking and unauthorized access
"university of california, berkeley",80000,2016,academic institutions,hacking and unauthorized access
university of central florida,63000,2016,academic institutions,hacking and unauthorized access
university of delaware,74000,2013,academic institutions,hacking and unauthorized access
"university of maryland, college park",300000,2014,academic institutions,hacking and unauthorized access
university of miami,2100000,2008,academic institutions,physical theft or loss
university of utah hospital & clinics,2200000,2008,academic institutions,physical theft or loss
university of utah hospitals & clinics,2200000,2008,academic institutions,physical theft or loss
university of wisconsin,73000,2011,academic institutions,hacking and unauthorized access
unknown,unknown,2020,government and military,hacking and unauthorized access
unknown,9000000,2012,government and military,hacking and unauthorized access
unknown,3500000,2011,government and military,accidental exposure
unknown,2434899,2012,government and military,hacking and unauthorized access
unknown,680000,2015,government and military,insider threats
unknown,201000000,2020,government and military,security weaknesses
unknown,20800000,2019,government and military,data misconfiguration
unknown,1800000,2019,technology and telecommunications,security weaknesses
unknown,1600000,2008,government and military,accidental exposure
ups,4000000,2014,retail and e-commerce,hacking and unauthorized access
ups,51,2014,retail and e-commerce,hacking and unauthorized access
urban massage,309000,2018,technology and telecommunications,security weaknesses
us customs and border protection,100000,2019,government and military,hacking and unauthorized access
us dept of vet affairs,26500000,2006,government and military,physical theft or loss
us federal reserve bank of cleveland,400000,2010,finance and insurance,hacking and unauthorized access
us law enforcement,123461,2011,government and military,hacking and unauthorized access
us marshals service,387000,2020,government and military,hacking and unauthorized access
us military,260000,2010,government and military,insider threats
us military,76000000,2009,government and military,physical theft or loss
us national guard,131000,2009,government and military,physical theft or loss
us office of personnel management,21500000,2015,government and military,hacking and unauthorized access
us office of personnel management,4000000,2015,government and military,hacking and unauthorized access
utorrent,35000,2016,technology and telecommunications,hacking and unauthorized access
vastaamo,130000,2020,healthcare,hacking and unauthorized access
verifications.io,2000000000,2019,technology and telecommunications,security weaknesses
verifications.io,809000000,2019,technology and telecommunications,security weaknesses
verizon communications,1500000,2016,technology and telecommunications,hacking and unauthorized access
viacom,3000000,2017,technology and telecommunications,hacking and unauthorized access
view media,38000000,2020,technology and telecommunications,data misconfiguration
viewfines,934000,2018,technology and telecommunications,unknown
virgin media,900000,2020,retail and e-commerce,security weaknesses
virginia prescription monitoring program,531400,2009,healthcare,hacking and unauthorized access
virginia prescription monitoring program,8257378,2009,healthcare,hacking and unauthorized access
vision direct,16300,2018,retail and e-commerce,hacking and unauthorized access
vk,171000000,2016,technology and telecommunications,hacking and unauthorized access
vodafone,2000000,2013,technology and telecommunications,insider threats
volkswagen,3300000,2021,retail and e-commerce,hacking and unauthorized access
vtech,5000000,2015,retail and e-commerce,hacking and unauthorized access
vtech,6400000,2015,technology and telecommunications,hacking and unauthorized access
vårdguiden,2700000,2019,healthcare,security weaknesses
walmart,1300000,2015,retail and e-commerce,hacking and unauthorized access
washington post,1270000,2011,media and entertainment,hacking and unauthorized access
washington state court system,160000,2013,government and military,hacking and unauthorized access
washington state dpt of licensing,257000,2022,government and military,hacking and unauthorized access
waterly,1000000,2017,technology and telecommunications,security weaknesses
wattpad,270000000,2020,technology and telecommunications,hacking and unauthorized access
wawa,30000000,2019,retail and e-commerce,hacking and unauthorized access
weebly,43000000,2016,technology and telecommunications,hacking and unauthorized access
weebly,43430316,2016,technology and telecommunications,hacking and unauthorized access
wellnow urgent care,unknown,2023,healthcare,cyber attacks including phs&rw
wendy's,1025,2016,retail and e-commerce,hacking and unauthorized access
wendy's,unknown,2015,retail and e-commerce,hacking and unauthorized access
western sydney university,7500,2024,academic institutions,hacking and unauthorized access
westpac,98000,2019,finance and insurance,hacking and unauthorized access
whitepages,18000000,2019,technology and telecommunications,hacking and unauthorized access
wifi finder,2000000,2019,technology and telecommunications,security weaknesses
wonga,270000,2017,finance and insurance,hacking and unauthorized access
woodruff arts center,unknown,2019,media and entertainment,security weaknesses
wordpress,unknown,2018,technology and telecommunications,security weaknesses
world check,2200000,2016,government and military,security weaknesses
writerspace.com,62000,2011,technology and telecommunications,hacking and unauthorized access
xat.com,6054459,2015,technology and telecommunications,unknown
yahoo,550000000,2013,technology and telecommunications,hacking and unauthorized access
yahoo,500000000,2014,technology and telecommunications,hacking and unauthorized access
yahoo,450000,2012,technology and telecommunications,hacking and unauthorized access
yahoo,3000000000,2013,technology and telecommunications,hacking and unauthorized access
yahoo,22000000,2013,technology and telecommunications,hacking and unauthorized access
yahoo,32000000,2017,technology and telecommunications,hacking and unauthorized access
yale university,43000,2010,academic institutions,accidental exposure
younow,40000000,2019,technology and telecommunications,hacking and unauthorized access
youtube,4000000,2020,technology and telecommunications,security weaknesses
yum! brands,unknown,2023,retail and e-commerce,cyber attacks including phs&rw
zappos,24000000,2012,technology and telecommunications,hacking and unauthorized access
zhenhua,2400000,2020,consumer and utility services,unknown
zomato,17000000,2017,technology and telecommunications,hacking and unauthorized access
zoom,500000,2020,technology and telecommunications,hacking and unauthorized access
zynga,173000000,2019,technology and telecommunications,hacking and unauthorized access
